Script ID,Job Name,Application,Location,Auto Tool,ALM Domain,ALM Project,ALM Execution Path,GitHub Feature file name,GitHub Repository URL,
83256,,Application_A,GitHub,Selenium - GUI,,,,saveBoards,https://github.disney.com/WDPRO-QA/housekeeping/blob/master/src/test/resources/com/disney/composite/api/housekeepingModule/SaveBoards.xml
127088,,Application_A,GitHub,Soap - API,,,,PrintArrivalLetter,https://github.disney.com/WDPRO-QA/DocumentService/blob/master/src/test/resources/com/disney/composite/api/documentServiceModule/PrintArrivalLetter.xml
127089,,Application_A,GitHub,Soap - API,,,,PrintDepartureLetter,https://github.disney.com/WDPRO-QA/DocumentService/blob/master/src/test/resources/com/disney/composite/api/documentServiceModule/PrintDepartureLetter.xml
127090,,Application_A,GitHub,Soap - API,,,,EncodeMedia,https://github.disney.com/WDPRO-QA/eci/blob/master/end_to_end/CommerceFlow/src/test/resources/composite/AFS_V2/EncodeMedia.xml
127091,,Application_A,GitHub,Selenium - API,,,,SwapRoom,https://github.disney.com/WDPRO-QA/eci/blob/master/end_to_end/CommerceFlow/src/test/resources/composite/ECI/API/ExpressCheckin_SwapRoom.xml
127092,,Application_A,GitHub,Selenium - API,,,,TransferRoom,https://github.disney.com/WDPRO-QA/eci/blob/master/end_to_end/CommerceFlow/src/test/resources/composite/ECI/API/ExpressCheckin_TransferRoom.xml
127093,,Application_A,GitHub,Selenium - API,,,,RetrieveAllXbandOfReservation,https://github.disney.com/WDPRO-QA/eci/blob/master/end_to_end/CommerceFlow/src/test/resources/composite/AFS_V2/RetrieveAllXbandOfReservation.xml
127094,,Application_A,GitHub,Selenium - API,,,,RetrieveMediaChargingPrivileges,https://github.disney.com/WDPRO-QA/eci/blob/master/end_to_end/CommerceFlow/src/test/resources/composite/AFS_V2/RetrieveMediaChargingPrivileges.xml
127095,,Application_A,GitHub,,,,,EditMediaChargingPrivileges,https://github.disney.com/WDPRO-QA/eci/blob/master/end_to_end/CommerceFlow/src/test/resources/composite/AFS_V2/EditMediaChargingPrivileges.xml
127096,,Application_A,GitHub,Selenium - API,,,,RetrieveRoomsForSwapTransfer,https://github.disney.com/WDPRO-QA/eci/blob/master/end_to_end/CommerceFlow/src/test/resources/composite/ECI/API/ExpressCheckin_RetrieveRoomsForSwapTransfer.xml
127097,,Application_A,GitHub,Selenium - API,,,,RetrieveResClaimSummary,https://github.disney.com/WDPRO-QA/eci/blob/master/end_to_end/CommerceFlow/src/test/resources/composite/AFS_V2/RetrieveResClaimSummary.xml
127098,,Application_A,GitHub,Selenium - GUI,,,,Claim DVC Points reservation in MDX,https://github.disney.com/WDPRO-QA/dvc/blob/master/end_to_end/CommerceFlow/src/test/java/com/disney/test/composite/dvc/claim/DVC_ID_127098_ClaimDVCPointsReservationInMDX.java
127099,,Application_A,GitHub,Selenium - GUI,,,,Claim DVC Points reservation with Dining in MDX,https://github.disney.com/WDPRO-QA/dvc/blob/master/end_to_end/CommerceFlow/src/test/java/com/disney/test/composite/dvc/claim/DVC_ID_127099_ClaimDVCPointsReservationWithDineInMDX.java
127100,,Application_A,GitHub,Selenium - GUI,,,,Claim DVC Cash reservation in MDX,https://github.disney.com/WDPRO-QA/dvc/blob/master/end_to_end/CommerceFlow/src/test/java/com/disney/test/composite/dvc/claim/DVC_ID_127100_ClaimDVCCashReservationInMDX.java
127113,,Application_A,GitHub,Selenium - GUI,,,,Claim DVC Points multi room reservation in MDX,https://github.disney.com/WDPRO-QA/dvc/blob/master/end_to_end/CommerceFlow/src/test/java/com/disney/test/composite/dvc/claim/DVC_ID_127113_ClaimDVCPointsMultiRoomResInMDX.java
127114,,Application_A,GitHub,Selenium - GUI,,,,Verify inability to book DVC Points res with insufficient points,https://github.disney.com/WDPRO-QA/dvc/blob/master/end_to_end/CommerceFlow/src/test/java/com/disney/test/composite/dvc/book/DVC_ID_127114_VerifyInabilityToBookDVCPointsReswithInsufficientPoints.java
127115,,Application_A,GitHub,Selenium - GUI,,,,Verify inability to book DVC Points res for Points of a different use year,https://github.disney.com/WDPRO-QA/dvc/blob/master/end_to_end/CommerceFlow/src/test/java/com/disney/test/composite/dvc/book/DVC_ID_127115_VerifyInabilityToBookDVCPointsResForPointsOfDiffUseYear.java
127116,,Application_A,GitHub,Selenium - GUI,,,,Book Cash Res with Dine,https://github.disney.com/WDPRO-QA/dvc/blob/master/end_to_end/CommerceFlow/src/test/java/com/disney/test/composite/dvc/book/DVC_ID_127116_BookCashResWithDine.java
127117,,Application_A,GitHub,Selenium - GUI,,,,Modify MP res by adding Dining package,https://github.disney.com/WDPRO-QA/dvc/blob/master/end_to_end/CommerceFlow/src/test/java/com/disney/test/composite/dvc/modification/DVC_ID_127117_ModifyMPResByAddingDiningPackage.java
127118,,Application_A,GitHub,Selenium - GUI,,,,Verify inability to modify MP booking for checked in reservation,https://github.disney.com/WDPRO-QA/dvc/blob/master/end_to_end/CommerceFlow/src/test/java/com/disney/test/composite/dvc/modification/DVC_ID_127250_VerifyInabilityToCancelMPBookingThatIsInCheckedInStatus.java
